,Directory,ExperimentID,ExperimentID_full,ID,Setup,c0,cf,n10,n1f,n20,n2f,path,v0,vf,dropID,Medium,ExperimentID_Init,SteadyState,Comments,mind,dev_cf
1,G:\BackUp_Data\MIS2\20150225\transformed,1,E3,25,MIS2,0.1,0.118308285,,,16,16,G:\BackUp_Data\MIS2\20150225\transformed\drop_00_01_concentration.csv,1301.345956,1099.961812,1,0.20%,E3,N,,16.01,-18.95812675
2,G:\BackUp_Data\MIS2\20150225\transformed,1,E3,26,MIS2,0.2,0.182147052,16,16,24,24,G:\BackUp_Data\MIS2\20150225\transformed\drop_00_02_concentration.csv,1079.608857,1178.063327,2,0.20%,E3,N,,16.01,24.7718053
3,G:\BackUp_Data\MIS2\20150225\transformed,1,E3,27,MIS2,0.1,0.109082524,24,24,19,19,G:\BackUp_Data\MIS2\20150225\transformed\drop_00_03_concentration.csv,1536.742495,1404.693434,3,0.20%,E3,N,,19.01,-25.27782747
4,G:\BackUp_Data\MIS2\20150225\transformed,1,E3,28,MIS2,0.2,0.180107917,19,19,17,17,G:\BackUp_Data\MIS2\20150225\transformed\drop_00_04_concentration.csv,976.9459492,1079.875623,4,0.20%,E3,N,,17.01,23.37498579
5,G:\BackUp_Data\MIS2\20150225\transformed,1,E3,29,MIS2,0.1,0.106610205,17,17,19,19,G:\BackUp_Data\MIS2\20150225\transformed\drop_00_05_concentration.csv,1551.908707,1455.691838,5,0.20%,E3,N,,17.01,-26.97138057
6,G:\BackUp_Data\MIS2\20150225\transformed,1,E3,30,MIS2,0.2,0.182786278,19,19,18,18,G:\BackUp_Data\MIS2\20150225\transformed\drop_00_06_concentration.csv,1021.597127,1117.813996,6,0.20%,E3,N,,18.01,25.20967888
7,G:\BackUp_Data\MIS2\20150225\transformed,1,E3,31,MIS2,0.1,0.10678815,18,18,20,20,G:\BackUp_Data\MIS2\20150225\transformed\drop_00_07_concentration.csv,1511.514596,1417.535328,7,0.20%,E3,N,,18.01,-26.84948719
8,G:\BackUp_Data\MIS2\20150225\transformed,1,E3,32,MIS2,0.2,0.179857494,20,20,19,19,G:\BackUp_Data\MIS2\20150225\transformed\drop_00_08_concentration.csv,967.9955427,1066.450013,8,0.20%,E3,N,,19.01,23.20344456
9,G:\BackUp_Data\MIS2\20150225\transformed,1,E3,33,MIS2,0.1,0.106948941,19,19,20,20,G:\BackUp_Data\MIS2\20150225\transformed\drop_00_09_concentration.csv,1545.244531,1449.027662,9,0.20%,E3,N,,19.01,-26.73934441
10,G:\BackUp_Data\MIS2\20150225\transformed,1,E3,34,MIS2,0.2,0.181915647,20,20,19,18,G:\BackUp_Data\MIS2\20150225\transformed\drop_00_10_concentration.csv,990.2887664,1088.743237,10,0.20%,E3,N,,18.01,24.61329151
11,G:\BackUp_Data\MIS2\20150225\transformed,1,E3,35,MIS2,0.1,0.107783821,19,18,18,18,G:\BackUp_Data\MIS2\20150225\transformed\drop_00_11_concentration.csv,1296.870753,1207.366689,11,0.20%,E3,N,,18.01,-26.16744668
12,G:\BackUp_Data\MIS2\20150225\transformed,1,E3,36,MIS2,0.2,0.180197121,18,18,19,21,G:\BackUp_Data\MIS2\20150225\transformed\drop_00_12_concentration.csv,961.3632419,1062.055314,12,0.20%,E3,N,,18.01,23.43609106
13,G:\BackUp_Data\MIS2\20150225\transformed,1,E3,37,MIS2,0.1,0.106934122,19,21,20,20,G:\BackUp_Data\MIS2\20150225\transformed\drop_00_13_concentration.csv,1276.889669,1194.09841,13,0.20%,E3,N,,19.01,-26.74949551
14,G:\BackUp_Data\MIS2\20150225\transformed,1,E3,38,MIS2,0.2,0.185768082,20,20,26,26,G:\BackUp_Data\MIS2\20150225\transformed\drop_00_14_concentration.csv,907.528074,974.6561221,14,0.20%,E3,N,,20.01,27.25223222
15,G:\BackUp_Data\MIS2\20150225\transformed,1,E3,39,MIS2,0.1,0.101930835,26,26,51,54,G:\BackUp_Data\MIS2\20150225\transformed\drop_00_15_concentration.csv,1419.742363,1390.653542,15,0.20%,E3,N,,26.01,-30.17677663
16,G:\BackUp_Data\MIS2\20150225\transformed,1,E3,40,MIS2,0.2,0.198579831,51,54,,,G:\BackUp_Data\MIS2\20150225\transformed\drop_00_16_concentration.csv,940.877557,945.3527602,16,0.20%,E3,N,,51.01,36.02835587
19,G:\BackUp_Data\MIS3\20150531\transformed,2,E12,143,MIS3,0.1,0.105936683,20.5128,22.2222,9.4017,4.2735,G:\BackUp_Data\MIS3\20150531\transformed\drop_00_03_concentration.csv,1330.957064,1256.370344,3,0.60%,,N,,4.2835,-26.26059891
20,G:\BackUp_Data\MIS3\20150531\transformed,2,E13,144,MIS3,0.2,0.197739627,9.4017,4.2735,24.7863,41.8803,G:\BackUp_Data\MIS3\20150531\transformed\drop_00_04_concentration.csv,1003.833579,1015.308459,4,0.60%,,N,,4.2835,37.64072359
21,G:\BackUp_Data\MIS3\20150531\transformed,2,E14,145,MIS3,0.1,0.111115838,24.7863,41.8803,13.6752,14.5299,G:\BackUp_Data\MIS3\20150531\transformed\drop_00_05_concentration.csv,1433.81108,1290.375079,5,0.60%,,N,,13.6852,-22.65554175
22,G:\BackUp_Data\MIS3\20150531\transformed,2,E15,146,MIS3,0.2,0.18652584,13.6752,14.5299,29.9145,27.3504,G:\BackUp_Data\MIS3\20150531\transformed\drop_00_06_concentration.csv,1032.520779,1107.107499,6,0.60%,,N,,13.6852,29.83513695
23,G:\BackUp_Data\MIS3\20150531\transformed,2,E16,147,MIS3,0.1,0.104533007,29.9145,27.3504,13.6752,12.8205,G:\BackUp_Data\MIS3\20150531\transformed\drop_00_01_concentration.csv,1323.077363,1265.702963,7,0.60%,,N,,12.8305,-27.23765635
24,G:\BackUp_Data\MIS3\20150531\transformed,2,E17,148,MIS3,0.2,0.188212866,13.6752,12.8205,25.641,15.3846,G:\BackUp_Data\MIS3\20150531\transformed\drop_00_07_concentration.csv,1099.361465,1168.210745,8,0.60%,,N,,12.8305,31.00942662
25,G:\BackUp_Data\MIS3\20150531\transformed,2,E18,149,MIS3,0.1,0.107302004,25.641,15.3846,17.9487,28.2051,G:\BackUp_Data\MIS3\20150531\transformed\drop_00_08_concentration.csv,1348.975073,1257.176033,9,0.60%,,N,,15.3946,-25.31023919
26,G:\BackUp_Data\MIS3\20150531\transformed,2,E19,150,MIS3,0.2,0.190297404,17.9487,28.2051,31.6239,39.3162,G:\BackUp_Data\MIS3\20150531\transformed\drop_00_09_concentration.csv,900.2291586,946.1286787,10,0.60%,,N,,17.9587,32.46041195
27,G:\BackUp_Data\MIS3\20150531\transformed,2,E20,151,MIS3,0.1,0.106370297,31.6239,39.3162,16.2393,15.3846,G:\BackUp_Data\MIS3\20150531\transformed\drop_00_11_concentration.csv,1437.044215,1350.982615,11,0.60%,,N,,15.3946,-25.95877299
28,G:\BackUp_Data\MIS3\20150531\transformed,2,E21,152,MIS3,0.2,0.183636948,16.2393,15.3846,37.6068,39.3162,G:\BackUp_Data\MIS3\20150531\transformed\drop_00_12_concentration.csv,1030.229276,1122.028316,12,0.60%,,N,,15.3946,27.82426447
29,G:\BackUp_Data\MIS3\20150531\transformed,2,E22,153,MIS3,0.1,0.104281214,37.6068,39.3162,29.0598,31.6239,G:\BackUp_Data\MIS3\20150531\transformed\drop_00_13_concentration.csv,1257.765874,1206.128914,13,0.60%,,N,,29.0698,-27.41292181
30,G:\BackUp_Data\MIS3\20150531\transformed,2,E23,154,MIS3,0.2,0.192117643,29.0598,31.6239,51.282,35.0427,G:\BackUp_Data\MIS3\20150531\transformed\drop_00_15_concentration.csv,978.8752249,1019.037305,14,0.60%,,N,,29.0698,33.72742629
31,G:\BackUp_Data\MIS3\20150531\transformed,2,E24,155,MIS3,0.1,0.102646939,51.282,35.0427,,,G:\BackUp_Data\MIS3\20150531\transformed\drop_00_14_concentration.csv,889.979872,867.0301119,15,0.60%,,N,,35.0527,-28.55049231
33,G:\BackUp_Data\MIS3\20140226\transformed,3,E6,84,MIS3,0.1,0.110062189,,,136,136,G:\BackUp_Data\MIS3\20140226\transformed\drop_00_02_concentration.csv,1451.67411,1314.16332,2,2%,E6,N,,136.01,-23.91217136
34,G:\BackUp_Data\MIS3\20140226\transformed,3,E6,85,MIS3,0.2,0.194198269,136,136,111,111,G:\BackUp_Data\MIS3\20140226\transformed\drop_00_03_concentration.csv,1056.901649,1093.923785,3,2%,E6,N,,111.01,34.25250532
35,G:\BackUp_Data\MIS3\20140226\transformed,3,E6,86,MIS3,0.1,0.104189592,111,111,89,89,G:\BackUp_Data\MIS3\20140226\transformed\drop_00_04_concentration.csv,1513.525662,1452.703582,4,2%,E6,N,,89.01,-27.9719957
36,G:\BackUp_Data\MIS3\20140226\transformed,3,E6,87,MIS3,0.2,0.175947581,89,89,110,110,G:\BackUp_Data\MIS3\20140226\transformed\drop_00_05_concentration.csv,1063.115175,1187.403774,5,2%,E6,NY,,89.01,21.63550003
37,G:\BackUp_Data\MIS3\20140226\transformed,3,E6,88,MIS3,0.1,0.130737316,110,110,0,0,G:\BackUp_Data\MIS3\20140226\transformed\drop_00_06_concentration.csv,1658.079113,1290.502195,6,2%,E6,NY,Started non-touching but teached the adjacent drop in the middle of the experiment,0.01,-9.61911091
38,G:\BackUp_Data\MIS3\20140226\transformed,3,E6,89,MIS3,0.2,0.152774081,0,0,,,G:\BackUp_Data\MIS3\20140226\transformed\drop_00_07_concentration.csv,1137.928684,1444.683522,7,2%,E6,Y,Started non-touching but teached the adjacent drop in the middle of the experiment,0.01,5.615272618
39,G:\BackUp_Data\MIS3\20140226\transformed,4,E7,90,MIS3,0.2,0.156442119,,,0,0,G:\BackUp_Data\MIS3\20140226\transformed\drop_01_01_concentration.csv,1064.82714,1347.782033,1,2%,E6,Y,,0.01,6.93727417
40,G:\BackUp_Data\MIS3\20140226\transformed,4,E7,91,MIS3,0.1,0.145551615,0,0,21,21,G:\BackUp_Data\MIS3\20140226\transformed\drop_01_02_concentration.csv,1356.210051,946.3221202,2,2%,E6,NY,,0.01,-0.507017812
41,G:\BackUp_Data\MIS3\20140226\transformed,4,E7,92,MIS3,0.2,0.157874686,21,21,0,0,G:\BackUp_Data\MIS3\20140226\transformed\drop_01_03_concentration.csv,1012.889061,1242.95519,3,2%,E6,Y,,0.01,7.916516915
42,G:\BackUp_Data\MIS3\20140226\transformed,4,E7,93,MIS3,0.1,0.131309105,0,0,37,37,G:\BackUp_Data\MIS3\20140226\transformed\drop_01_04_concentration.csv,1362.588702,1055.833864,4,2%,E6,N,,0.01,-10.24260057
43,G:\BackUp_Data\MIS3\20140226\transformed,4,E7,94,MIS3,0.2,0.145470899,37,37,0,0,G:\BackUp_Data\MIS3\20140226\transformed\drop_01_05_concentration.csv,1037.038548,1396.682152,5,2%,E6,Y,,0.01,-0.562191885
44,G:\BackUp_Data\MIS3\20140226\transformed,4,E7,95,MIS3,0.1,0.141111666,0,0,71,71,G:\BackUp_Data\MIS3\20140226\transformed\drop_01_06_concentration.csv,1455.355845,1061.334544,6,2%,E6,Y,,0.01,-3.541980816
51,G:\BackUp_Data\MIS3\20140226\transformed,5,,103,MIS3,0.1,0.133778935,,,0,0,G:\BackUp_Data\MIS3\20140226\transformed\drop_02_01_concentration.csv,1418.529324,1103.841171,1,2%,E6,,,0.01,-8.963307182
52,G:\BackUp_Data\MIS3\20140226\transformed,5,,104,MIS3,0.2,0.152590373,0,0,25,25,G:\BackUp_Data\MIS3\20140226\transformed\drop_02_02_concentration.csv,1183.121975,1450.210239,2,2%,E6,,,0.01,3.837894313
53,G:\BackUp_Data\MIS3\20140226\transformed,5,,105,MIS3,0.1,0.133079861,25,25,0,0,G:\BackUp_Data\MIS3\20140226\transformed\drop_02_03_concentration.csv,1426.172454,1151.150875,3,2%,E6,,,0.01,-9.439027705
54,G:\BackUp_Data\MIS3\20140226\transformed,5,,106,MIS3,0.2,0.164815255,0,0,0,0,G:\BackUp_Data\MIS3\20140226\transformed\drop_02_04_concentration.csv,1140.276732,1322.742972,4,2%,E6,,,0.01,12.15693817
55,G:\BackUp_Data\MIS3\20140226\transformed,5,,107,MIS3,0.1,0.130521266,0,0,32,32,G:\BackUp_Data\MIS3\20140226\transformed\drop_02_05_concentration.csv,1631.699216,1317.011063,5,2%,E6,,,0.01,-11.18015404
57,G:\BackUp_Data\MIS3\20140226\transformed,5,,109,MIS3,0.1,0.126563105,40,40,0,0,G:\BackUp_Data\MIS3\20140226\transformed\drop_02_07_concentration.csv,1523.923719,1258.407116,7,2%,E6,,,0.01,-13.87368638
58,G:\BackUp_Data\MIS3\20140226\transformed,5,,110,MIS3,0.2,0.15220562,0,0,0,0,G:\BackUp_Data\MIS3\20140226\transformed\drop_02_08_concentration.csv,1094.674945,1316.807759,8,2%,E6,,,0.01,3.57606953
60,G:\BackUp_Data\MIS3\20140226\transformed,5,,112,MIS3,0.2,0.167598317,0,0,0,0,G:\BackUp_Data\MIS3\20140226\transformed\drop_02_10_concentration.csv,1137.079852,1224.383414,10,2%,E6,,,0.01,14.05081451
61,G:\BackUp_Data\MIS3\20140226\transformed,5,,113,MIS3,0.2,0.161203234,0,0,0,0,G:\BackUp_Data\MIS3\20140226\transformed\drop_02_12_concentration.csv,1293.181304,1502.703998,12,2%,E6,,,0.01,9.698954435
62,G:\BackUp_Data\MIS3\20140226\transformed,5,,114,MIS3,0.1,0.14714969,0,0,,,G:\BackUp_Data\MIS3\20140226\transformed\drop_02_13_concentration.csv,767.042373,555.4873122,13,2%,E6,,,0.01,0.135504344
63,G:\BackUp_Data\DICSETUP\20150219\Transformed,6,,1,DICSETUP,0.201380225,0.19403594,,,0,0,G:\BackUp_Data\DICSETUP\20150219\Transformed\drop_00_01_concentration.csv,1241.304011,1288.257162,1,2%,E1,,,0.01,33.90997806
64,G:\BackUp_Data\DICSETUP\20150219\Transformed,6,,2,DICSETUP,0.100650551,0.109902116,0,0,0,0,G:\BackUp_Data\DICSETUP\20150219\Transformed\drop_00_02_concentration.csv,1976.948598,1810.478335,2,2%,E1,,,0.01,-24.15327829
65,G:\BackUp_Data\DICSETUP\20150219\Transformed,6,,3,DICSETUP,0.196654149,0.161675704,0,0,0,0,G:\BackUp_Data\DICSETUP\20150219\Transformed\drop_00_03_concentration.csv,1263.828956,1537.010926,3,2%,E1,,,0.01,11.57721593
66,G:\BackUp_Data\DICSETUP\20150219\Transformed,6,,4,DICSETUP,0.099768972,0.119121653,0,0,0,0,G:\BackUp_Data\DICSETUP\20150219\Transformed\drop_00_04_concentration.csv,1839.058766,1540.265986,4,2%,E1,,,0.01,-17.79060137
67,G:\BackUp_Data\DICSETUP\20150219\Transformed,6,,5,DICSETUP,0.198135497,0.164230897,0,0,0,0,G:\BackUp_Data\DICSETUP\20150219\Transformed\drop_00_05_concentration.csv,1365.089591,1646.808498,5,2%,E1,,,0.01,13.34063068
68,G:\BackUp_Data\DICSETUP\20150219\Transformed,6,,6,DICSETUP,0.101336977,0.116846471,0,0,0,0,G:\BackUp_Data\DICSETUP\20150219\Transformed\drop_00_06_concentration.csv,1928.38065,1672.272554,6,2%,E1,,,0.01,-19.3607722
69,G:\BackUp_Data\DICSETUP\20150219\Transformed,6,,7,DICSETUP,0.200011519,0.166047064,0,0,0,0,G:\BackUp_Data\DICSETUP\20150219\Transformed\drop_00_07_concentration.csv,1377.748242,1659.467149,7,2%,E1,,,0.01,14.59402159
70,G:\BackUp_Data\DICSETUP\20150219\Transformed,6,,8,DICSETUP,0.099174931,0.113513263,0,0,0,0,G:\BackUp_Data\DICSETUP\20150219\Transformed\drop_00_08_concentration.csv,2060.849921,1800.473356,8,2%,E1,,,0.01,-21.66111826
71,G:\BackUp_Data\DICSETUP\20150219\Transformed,6,,9,DICSETUP,0.193409245,0.158729458,0,0,,,G:\BackUp_Data\DICSETUP\20150219\Transformed\drop_00_09_concentration.csv,1528.736735,1861.67726,9,2%,E1,,,0.01,9.543923863
73,G:\BackUp_Data\MIS2\20150219\transformed,7,,11,MIS2,0.200294305,0.197113014,,,44,44,G:\BackUp_Data\MIS2\20150219\transformed\drop_00_02_concentration.csv,1525.07555,1549.689168,2,2%,E2,,,44.01,26.13841274
74,G:\BackUp_Data\MIS2\20150219\transformed,7,,12,MIS2,0.2,0.199654995,44,44,30,30,G:\BackUp_Data\MIS2\20150219\transformed\drop_00_03_concentration.csv,1290.427412,1292.665014,3,2%,E2,,,30.01,27.76510111
75,G:\BackUp_Data\MIS2\20150219\transformed,7,,13,MIS2,0.200606214,0.195593636,30,30,0,0,G:\BackUp_Data\MIS2\20150219\transformed\drop_00_04_concentration.csv,1485.394941,1523.434168,4,2%,E2,,,0.01,25.16611808
76,G:\BackUp_Data\MIS2\20150219\transformed,7,,14,MIS2,0.195839624,0.196827557,0,0,33,33,G:\BackUp_Data\MIS2\20150219\transformed\drop_00_05_concentration.csv,1276.296882,1269.584077,5,2%,E2,,,0.01,25.95574041
77,G:\BackUp_Data\MIS2\20150219\transformed,7,,15,MIS2,0.101620473,0.102236588,33,33,2,2,G:\BackUp_Data\MIS2\20150219\transformed\drop_00_06_concentration.csv,1812.003781,1800.815773,6,2%,E2,,,2.01,-34.57580161
78,G:\BackUp_Data\MIS2\20150219\transformed,7,,16,MIS2,0.09965852,0.114182002,2,2,0,0,G:\BackUp_Data\MIS2\20150219\transformed\drop_00_07_concentration.csv,1301.58093,1135.998411,7,2%,E2,,,0.01,-26.93158
79,G:\BackUp_Data\MIS2\20150219\transformed,7,,17,MIS2,0.198863503,0.187129938,0,0,9,9,G:\BackUp_Data\MIS2\20150219\transformed\drop_00_08_concentration.csv,1570.610963,1669.065434,8,2%,E2,,,0.01,19.7499489
80,G:\BackUp_Data\MIS2\20150219\transformed,7,,18,MIS2,0.099840185,0.106681228,9,9,2,2,G:\BackUp_Data\MIS2\20150219\transformed\drop_00_09_concentration.csv,1395.648057,1306.143993,9,2%,E2,,,2.01,-31.7315458
81,G:\BackUp_Data\MIS2\20150219\transformed,7,,19,MIS2,0.19859694,0.189515154,2,2,0,0,G:\BackUp_Data\MIS2\20150219\transformed\drop_00_10_concentration.csv,1588.542343,1664.620798,10,2%,E2,,,0.01,21.27631875
82,G:\BackUp_Data\MIS2\20150219\transformed,7,,20,MIS2,0.099696574,0.101390737,0,0,9,9,G:\BackUp_Data\MIS2\20150219\transformed\drop_00_11_concentration.csv,1472.653084,1448.039466,11,2%,E2,,,0.01,-35.11708653
83,G:\BackUp_Data\MIS2\20150219\transformed,7,,21,MIS2,0.199720107,0.191135692,9,9,0,0,G:\BackUp_Data\MIS2\20150219\transformed\drop_00_12_concentration.csv,1594.423137,1666.026389,12,2%,E2,,,0.01,22.31334866
84,G:\BackUp_Data\MIS2\20150219\transformed,7,,22,MIS2,0.099227838,0.103897773,0,0,0,0,G:\BackUp_Data\MIS2\20150219\transformed\drop_00_13_concentration.csv,1442.662782,1377.772335,13,2%,E2,,,0.01,-33.51276049
85,G:\BackUp_Data\MIS2\20150219\transformed,7,,23,MIS2,0.101215681,0.105677632,0,0,0,0,G:\BackUp_Data\MIS2\20150219\transformed\drop_00_14_concentration.csv,1481.442646,1418.789801,14,2%,E2,,,0.01,-32.37377639
86,G:\BackUp_Data\MIS2\20150219\transformed,7,,24,MIS2,0.200857632,0.19670539,0,0,,,G:\BackUp_Data\MIS2\20150219\transformed\drop_00_15_concentration.csv,1596.444972,1630.008996,15,2%,E2,,,0.01,25.87756215
87,G:\BackUp_Data\MIS2\20150321\transformed,8,E4,41,MIS2,0.1,0.102082425,,,46,46,G:\BackUp_Data\MIS2\20150321\transformed\drop_00_01_concentration.csv,1309.558832,1289.420418,1,4%,E4,N,,46.01,-25.31448276
88,G:\BackUp_Data\MIS2\20150321\transformed,8,E4,42,MIS2,0.2,0.143812095,46,46,0,0,G:\BackUp_Data\MIS2\20150321\transformed\drop_00_02_concentration.csv,812.0844244,1137.822623,2,4%,E4,Y,,0.01,5.215767556
89,G:\BackUp_Data\MIS2\20150321\transformed,8,E4,43,MIS2,0.1,0.129189636,0,0,42,42,G:\BackUp_Data\MIS2\20150321\transformed\drop_00_03_concentration.csv,1332.4759,1034.874887,3,4%,E4,NY,,0.01,-5.482312096
90,G:\BackUp_Data\MIS2\20150321\transformed,8,E4,44,MIS2,0.2,0.148418502,42,42,0,0,G:\BackUp_Data\MIS2\20150321\transformed\drop_00_04_concentration.csv,760.0036981,1015.090281,4,4%,E4,NY,,0.01,8.585905848
91,G:\BackUp_Data\MIS2\20150321\transformed,8,E4,45,MIS2,0.1,0.137259713,0,0,0,0,G:\BackUp_Data\MIS2\20150321\transformed\drop_00_05_concentration.csv,1354.952771,996.9365142,5,4%,E4,NY,,0.01,0.421915541
92,G:\BackUp_Data\MIS2\20150321\transformed,8,E4,46,MIS2,0.2,0.1437873,0,0,0,0,G:\BackUp_Data\MIS2\20150321\transformed\drop_00_06_concentration.csv,824.8591643,1122.460178,6,4%,E4,Y,,0.01,5.197627045
93,G:\BackUp_Data\MIS2\20150321\transformed,8,E4,47,MIS2,0.1,0.136524396,0,0,0,0,G:\BackUp_Data\MIS2\20150321\transformed\drop_00_07_concentration.csv,1189.847964,894.4845517,7,4%,E4,Y,,0.01,-0.116056892
94,G:\BackUp_Data\MIS2\20150321\transformed,8,E4,48,MIS2,0.2,0.14596195,0,0,0,0,G:\BackUp_Data\MIS2\20150321\transformed\drop_00_08_concentration.csv,866.0400895,1134.552282,8,4%,E4,Y,,0.01,6.788643912
95,G:\BackUp_Data\MIS2\20150321\transformed,8,E4,49,MIS2,0.1,0.136583359,0,0,0,0,G:\BackUp_Data\MIS2\20150321\transformed\drop_00_09_concentration.csv,1204.46732,919.546131,9,4%,E4,Y,,0.01,-0.072918397
96,G:\BackUp_Data\MIS2\20150321\transformed,8,E4,50,MIS2,0.2,0.145896282,0,0,0,0,G:\BackUp_Data\MIS2\20150321\transformed\drop_00_10_concentration.csv,854.6556845,1091.841455,10,4%,E4,Y,,0.01,6.740599907
97,G:\BackUp_Data\MIS2\20150321\transformed,8,E4,51,MIS2,0.1,0.130469658,0,0,0,0,G:\BackUp_Data\MIS2\20150321\transformed\drop_00_11_concentration.csv,1243.44448,1006.25871,11,4%,E4,Y,,0.01,-4.545822733
98,G:\BackUp_Data\MIS2\20150321\transformed,8,E4,52,MIS2,0.2,0.170479821,0,0,0,0,G:\BackUp_Data\MIS2\20150321\transformed\drop_00_12_concentration.csv,949.8243129,1096.013603,12,4%,E4,Y,,0.01,24.72640232
99,G:\BackUp_Data\MIS2\20150321\transformed,8,E4,53,MIS2,0.1,0.131685411,0,0,0,0,G:\BackUp_Data\MIS2\20150321\transformed\drop_00_13_concentration.csv,1232.69558,1015.869658,13,4%,E4,Y,,0.01,-3.656353839
100,G:\BackUp_Data\MIS2\20150321\transformed,8,E4,54,MIS2,0.2,0.149280677,0,0,0,0,G:\BackUp_Data\MIS2\20150321\transformed\drop_00_14_concentration.csv,1004.609482,1211.038978,14,4%,E4,Y,,0.01,9.216690097
101,G:\BackUp_Data\MIS2\20150321\transformed,8,E4,55,MIS2,0.1,0.129139782,0,0,0,0,G:\BackUp_Data\MIS2\20150321\transformed\drop_00_15_concentration.csv,1148.78146,967.5357302,15,4%,E4,Y,,0.01,-5.518786266
102,G:\BackUp_Data\MIS2\20150321\transformed,8,E4,56,MIS2,0.2,0.144810995,0,0,0,0,G:\BackUp_Data\MIS2\20150321\transformed\drop_00_16_concentration.csv,1058.549918,1313.636501,16,4%,E4,Y,,0.01,5.946582514
103,G:\BackUp_Data\MIS2\20150321\transformed,8,E4,57,MIS2,0.1,0.129482691,0,0,0,0,G:\BackUp_Data\MIS2\20150321\transformed\drop_00_17_concentration.csv,1219.259699,1024.58836,17,4%,E4,Y,,0.01,-5.267907273
104,G:\BackUp_Data\MIS2\20150321\transformed,8,E4,58,MIS2,0.2,0.148324483,0,0,0,0,G:\BackUp_Data\MIS2\20150321\transformed\drop_00_18_concentration.csv,987.2766104,1186.423153,18,4%,E4,Y,,0.01,8.517119692
105,G:\BackUp_Data\MIS2\20150321\transformed,8,E4,59,MIS2,0.1,0.126072882,0,0,0,0,G:\BackUp_Data\MIS2\20150321\transformed\drop_00_19_concentration.csv,1165.954795,1010.028584,19,4%,E4,Y,,0.01,-7.762590847
106,G:\BackUp_Data\MIS2\20150321\transformed,8,E4,60,MIS2,0.2,0.141917302,0,0,0,0,G:\BackUp_Data\MIS2\20150321\transformed\drop_00_20_concentration.csv,949.8729149,1155.732263,20,4%,E4,Y,,0.01,3.829499594
107,G:\BackUp_Data\MIS2\20150321\transformed,8,E4,61,MIS2,0.1,0.130798063,0,0,0,0,G:\BackUp_Data\MIS2\20150321\transformed\drop_00_21_concentration.csv,1177.737552,980.8286105,21,4%,E4,Y,,0.01,-4.305555152
108,G:\BackUp_Data\MIS2\20150321\transformed,8,E4,62,MIS2,0.1,0.131520677,0,0,0,0,G:\BackUp_Data\MIS2\20150321\transformed\drop_00_22_concentration.csv,1206.065794,986.7808367,22,4%,E4,Y,,0.01,-3.776876486
109,G:\BackUp_Data\MIS2\20150321\transformed,8,E4,63,MIS2,0.2,0.142955109,0,0,0,0,G:\BackUp_Data\MIS2\20150321\transformed\drop_00_23_concentration.csv,1025.929629,1310.105033,23,4%,E4,Y,,0.01,4.588779682
110,G:\BackUp_Data\MIS2\20150321\transformed,8,E4,64,MIS2,0.1,0.130974978,0,0,0,0,G:\BackUp_Data\MIS2\20150321\transformed\drop_00_24_concentration.csv,1162.751718,959.5199054,24,4%,E4,Y,,0.01,-4.176120646
111,G:\BackUp_Data\MIS2\20150321\transformed,8,E4,65,MIS2,0.2,0.141404687,0,0,0,0,G:\BackUp_Data\MIS2\20150321\transformed\drop_00_25_concentration.csv,1030.620354,1337.425954,25,4%,E4,Y,,0.01,3.454460341
112,G:\BackUp_Data\MIS2\20150321\transformed,8,E4,66,MIS2,0.1,0.122517446,0,0,0,0,G:\BackUp_Data\MIS2\20150321\transformed\drop_00_26_concentration.csv,1280.133121,1112.432898,26,4%,E4,Y,,0.01,-10.36381801
113,G:\BackUp_Data\MIS2\20150321\transformed,8,E4,67,MIS2,0.2,0.133608555,0,0,0,0,G:\BackUp_Data\MIS2\20150321\transformed\drop_00_27_concentration.csv,814.5156715,1108.732658,27,4%,E4,Y,,0.01,-2.249343726
114,G:\BackUp_Data\MIS2\20150321\transformed,8,E4,68,MIS2,0.1,0.122165855,0,0,,,G:\BackUp_Data\MIS2\20150321\transformed\drop_00_28_concentration.csv,1344.284402,1120.524241,28,4%,E4,Y,,0.01,-10.62104893
115,G:\BackUp_Data\MIS3\20150321\transformed,9,E9,115,MIS3,0.1,0.100657322,,,10,10,G:\BackUp_Data\MIS3\20150321\transformed\drop_00_01_concentration.csv,1385.151239,1362.775223,1,4%,E7,N,,10.01,-27.44334625
116,G:\BackUp_Data\MIS3\20150321\transformed,9,E9,116,MIS3,0.2,0.181690855,10,10,20.51282051,20.51282051,G:\BackUp_Data\MIS3\20150321\transformed\drop_00_02_concentration.csv,781.5283337,855.3691866,2,4%,E7,N,,10.01,30.96792358
117,G:\BackUp_Data\MIS3\20150321\transformed,9,E9,117,MIS3,0.1,0.107936923,20.51282051,20.51282051,8.547008547,8.547008547,G:\BackUp_Data\MIS3\20150321\transformed\drop_00_03_concentration.csv,1381.980118,1296.951257,3,4%,E7,N,,8.557008547,-22.1960033
118,G:\BackUp_Data\MIS3\20150321\transformed,9,E9,118,MIS3,0.2,0.149621165,8.547008547,8.547008547,0,0,G:\BackUp_Data\MIS3\20150321\transformed\drop_00_04_concentration.csv,708.7636185,959.3749983,4,4%,E7,NY,,0.01,7.85118108
119,G:\BackUp_Data\MIS3\20150321\transformed,9,E9,119,MIS3,0.1,0.135020939,0,0,0,0,G:\BackUp_Data\MIS3\20150321\transformed\drop_00_05_concentration.csv,1291.518016,964.8281816,5,4%,E7,NY,,0.01,-2.673076087
120,G:\BackUp_Data\MIS3\20150321\transformed,9,E9,120,MIS3,0.2,0.128396726,0,0,0,0,G:\BackUp_Data\MIS3\20150321\transformed\drop_00_06_concentration.csv,709.0350435,1031.249675,6,4%,E7,Y,,0.01,-7.447996773
121,G:\BackUp_Data\MIS3\20150321\transformed,9,E9,121,MIS3,0.1,0.131888798,0,0,0,0,G:\BackUp_Data\MIS3\20150321\transformed\drop_00_07_concentration.csv,1320.477377,1038.539574,7,4%,E7,Y,,0.01,-4.930812191
122,G:\BackUp_Data\MIS3\20150321\transformed,9,E9,122,MIS3,0.2,0.128120187,0,0,0,0,G:\BackUp_Data\MIS3\20150321\transformed\drop_00_08_concentration.csv,823.7298203,1226.498109,8,4%,E7,Y,,0.01,-7.64733393
123,G:\BackUp_Data\MIS3\20150321\transformed,9,E9,123,MIS3,0.1,0.13119172,0,0,0,0,G:\BackUp_Data\MIS3\20150321\transformed\drop_00_09_concentration.csv,1445.364528,1111.961888,9,4%,E7,Y,,0.01,-5.433285792
124,G:\BackUp_Data\MIS3\20150321\transformed,9,E9,124,MIS3,0.2,0.14332027,0,0,0,0,G:\BackUp_Data\MIS3\20150321\transformed\drop_00_10_concentration.csv,814.7513805,1136.966012,10,4%,E7,Y,,0.01,3.309317183
125,G:\BackUp_Data\MIS3\20150321\transformed,9,E9,125,MIS3,0.1,0.136094799,0,0,0.56980057,0.56980057,G:\BackUp_Data\MIS3\20150321\transformed\drop_00_11_concentration.csv,1348.139111,997.1648676,11,4%,E7,N,,0.01,-1.899007329
126,G:\BackUp_Data\MIS3\20150321\transformed,9,E9,126,MIS3,0.2,0.140232305,0.56980057,0.56980057,0,0,G:\BackUp_Data\MIS3\20150321\transformed\drop_00_12_concentration.csv,749.9617887,1063.226013,12,4%,E7,N,,0.01,1.083424393
127,G:\BackUp_Data\MIS3\20150321\transformed,9,E9,127,MIS3,0.1,0.118168694,0,0,3,3,G:\BackUp_Data\MIS3\20150321\transformed\drop_00_13_concentration.csv,1353.45695,1145.360001,13,4%,E7,N,,0.01,-14.82065245
128,G:\BackUp_Data\MIS3\20150321\transformed,9,E9,128,MIS3,0.2,0.184606843,3,3,9,9,G:\BackUp_Data\MIS3\20150321\transformed\drop_00_14_concentration.csv,746.7598558,813.887904,14,4%,E7,N,,3.01,33.06985047
129,G:\BackUp_Data\MIS3\20150321\transformed,9,E9,129,MIS3,0.1,0.103210222,9,9,10.2,10.2,G:\BackUp_Data\MIS3\20150321\transformed\drop_00_15_concentration.csv,1310.583235,1254.643195,15,4%,E7,N,,9.01,-25.6031435
130,G:\BackUp_Data\MIS3\20150321\transformed,9,E9,130,MIS3,0.2,0.177840823,10.2,10.2,25.5,25.5,G:\BackUp_Data\MIS3\20150321\transformed\drop_00_16_concentration.csv,772.1063456,868.3232147,16,4%,E7,N,,10.21,28.19271127
131,G:\BackUp_Data\MIS3\20150321\transformed,9,E9,131,MIS3,0.1,0.106303772,25.5,25.5,8.5,8.5,G:\BackUp_Data\MIS3\20150321\transformed\drop_00_17_concentration.csv,1440.723413,1348.981747,17,4%,E7,N,,8.51,-23.37322488
132,G:\BackUp_Data\MIS3\20150321\transformed,9,E9,132,MIS3,0.2,0.185523986,8.5,8.5,17,17,G:\BackUp_Data\MIS3\20150321\transformed\drop_00_18_concentration.csv,677.0601759,741.9506225,18,4%,E7,N,,8.51,33.73095316
133,G:\BackUp_Data\MIS3\20150321\transformed,9,E9,133,MIS3,0.2,0.171415961,17,17,25.35612536,25.35612536,G:\BackUp_Data\MIS3\20150321\transformed\drop_00_19_concentration.csv,657.4382128,767.0806915,19,4%,E7,N,,17.01,23.56148844
134,G:\BackUp_Data\MIS3\20150321\transformed,9,E9,134,MIS3,0.1,0.104975214,25.35612536,25.35612536,0,0,G:\BackUp_Data\MIS3\20150321\transformed\drop_00_20_concentration.csv,1389.464944,1304.436083,20,4%,E7,N,,0.01,-24.33088718
135,G:\BackUp_Data\MIS3\20150321\transformed,9,E9,135,MIS3,0.2,0.130208947,0,0,50.71225071,50.71225071,G:\BackUp_Data\MIS3\20150321\transformed\drop_00_21_concentration.csv,896.4205699,1211.922396,21,4%,E7,Y,,0.01,-6.141696456
136,G:\BackUp_Data\MIS3\20150321\transformed,9,E9,136,MIS3,0.1,0.102731606,50.71225071,50.71225071,18.51851852,18.51851852,G:\BackUp_Data\MIS3\20150321\transformed\drop_00_22_concentration.csv,1419.873785,1379.948885,22,4%,E7,N,,18.52851852,-25.94814349
137,G:\BackUp_Data\MIS3\20150321\transformed,9,E9,137,MIS3,0.2,0.189306286,18.51851852,18.51851852,17,17,G:\BackUp_Data\MIS3\20150321\transformed\drop_00_23_concentration.csv,797.7899713,835.7762376,23,4%,E7,N,,17.01,36.45734232
138,G:\BackUp_Data\MIS3\20150321\transformed,9,E9,139,MIS3,0.2,0.17497977,17,17,1,1,G:\BackUp_Data\MIS3\20150321\transformed\drop_00_25_concentration.csv,699.7179967,804.8852722,24,4%,E7,N,,1.01,26.13038309
139,G:\BackUp_Data\MIS3\20150321\transformed,9,E9,140,MIS3,0.1,0.104787821,1,1,,,G:\BackUp_Data\MIS3\20150321\transformed\drop_00_26_concentration.csv,1311.079744,1261.852509,25,4%,E7,N,,1.01,-24.46596538
141,G:\BackUp_Data\MIS2\20150401\transformed,10,E5,70,MIS2,0.1,0.128509381,,,265,252,G:\BackUp_Data\MIS2\20150401\transformed\drop_00_02_concentration.csv,1623.290246,1267.243078,2,Air+2%,E5,N,,252.01,-6.569440511
142,G:\BackUp_Data\MIS2\20150401\transformed,10,E5,71,MIS2,0.2,0.141271038,265,252,222,214,G:\BackUp_Data\MIS2\20150401\transformed\drop_00_03_concentration.csv,1434.700962,1979.243689,3,Air+2%,E5,NY,,214.01,2.708705132
143,G:\BackUp_Data\MIS2\20150401\transformed,10,E5,72,MIS2,0.1,0.140768583,222,214,208,208,G:\BackUp_Data\MIS2\20150401\transformed\drop_00_04_concentration.csv,1401.581769,1040.298614,4,Air+2%,E5,Y,,208.01,2.343403772
144,G:\BackUp_Data\MIS2\20150401\transformed,10,E5,73,MIS2,0.2,0.149658656,208,208,184,184,G:\BackUp_Data\MIS2\20150401\transformed\drop_00_05_concentration.csv,1466.292818,1882.553845,5,Air+2%,E5,Y,,184.01,8.806780124
145,G:\BackUp_Data\MIS2\20150401\transformed,10,E5,74,MIS2,0.1,0.139124205,184,184,193,190,G:\BackUp_Data\MIS2\20150401\transformed\drop_00_06_concentration.csv,1436.040852,1077.37569,6,Air+2%,E5,Y,,184.01,1.147886718
146,G:\BackUp_Data\MIS2\20150401\transformed,10,E5,75,MIS2,0.2,0.14638197,193,190,161,161,G:\BackUp_Data\MIS2\20150401\transformed\drop_00_07_concentration.csv,1027.48877,1357.355998,7,Air+2%,E5,Y,,161.01,6.424521305
147,G:\BackUp_Data\MIS2\20150401\transformed,10,E5,76,MIS2,0.2,0.140285591,201,263,110,110,G:\BackUp_Data\MIS2\20150401\transformed\drop_00_09_concentration.csv,906.3494806,1210.03677,9,Air+2%,E5,Y,,110.01,1.992252654
148,G:\BackUp_Data\MIS2\20150401\transformed,10,E5,77,MIS2,0.1,0.132187151,110,110,112,112,G:\BackUp_Data\MIS2\20150401\transformed\drop_00_10_concentration.csv,1487.185456,1146.846252,10,Air+2%,E5,Y,,110.01,-3.895580392
149,G:\BackUp_Data\MIS2\20150401\transformed,10,E5,78,MIS2,0.2,0.139657128,112,112,92,92,G:\BackUp_Data\MIS2\20150401\transformed\drop_00_11_concentration.csv,1117.109507,1509.808589,11,Air+2%,E5,Y,,92.01,1.53533932
150,G:\BackUp_Data\MIS2\20150401\transformed,10,E5,79,MIS2,0.1,0.125509889,92,92,155,155,G:\BackUp_Data\MIS2\20150401\transformed\drop_00_12_concentration.csv,1569.10615,1300.246556,12,Air+2%,E5,NY,,92.01,-8.750170148
151,G:\BackUp_Data\MIS2\20150401\transformed,10,E5,80,MIS2,0.2,0.13529587,155,155,216,216,G:\BackUp_Data\MIS2\20150401\transformed\drop_00_13_concentration.csv,1172.190004,1577.979055,13,Air+2%,E5,Y,,155.01,-1.635439123
152,G:\BackUp_Data\MIS2\20150401\transformed,10,E5,81,MIS2,0.1,0.128239993,216,216,159,159,G:\BackUp_Data\MIS2\20150401\transformed\drop_00_14_concentration.csv,1939.674282,1557.447176,14,Air+2%,E5,Y,,159.01,-6.765294474
153,G:\BackUp_Data\MIS2\20150401\transformed,10,E5,82,MIS2,0.2,0.141199969,159,159,,,G:\BackUp_Data\MIS2\20150401\transformed\drop_00_15_concentration.csv,445.8066583,560.9983889,15,Air+2%,E5,Y,,159.01,2.657035625
